LL,PL,PI,Sat_Unit_Wt_kN_m3,Phi_deg,Cu_kPa,Mv_50kPa,Mv_100kPa,Mv_200kPa,Cv_50kPa,Cv_100kPa,Cv_200kPa,SPT_Resistance_kPa,Grain_2.36mm,Grain_0.425mm,Grain_0.075mm,Source_File,SPT_BlowCount_N,Moisture_Content,Mv_400kPa,Cv_400kPa,CPT_MPa,Grain_2.00mm,Grain_4.75mm,Grain_4.25um,Grain_2um,Fines_Content,Sand_Fraction,Gravel_Fraction,Clay_Fraction,Silt_Fraction,Liquidity_Index,Consistency_Index,Plasticity_Ratio,LL_over_PL
,,,22.563,32.0,0.0,0.0,0.0,0.0,0.0,0.0,0.0,,79.2,45.7,7.5,geotechnical_data_0.xlsx,,,,,,,,,,7.5,71.7,20.799999999999997,,,,,,
,,,22.7592,32.0,0.0,0.0,0.0,0.0,0.0,0.0,0.0,151.07,89.2,53.2,9.4,geotechnical_data_0.xlsx,,,,,,,,,,9.4,79.8,10.799999999999997,,,,,,
47.0,35.5,11.5,18.8352,10.0,40.8,0.47,0.66,0.75,0.85,,,66.09,99.2,63.9,36.5,geotechnical_data_0.xlsx,,,,,,,,,,36.5,62.7,0.7999999999999972,,,,,0.24468085106382978,1.323943661971831
48.5,36.4,12.1,18.9333,12.0,48.5,0.5,0.7,0.8,0.91,,,,98.5,65.4,35.2,geotechnical_data_0.xlsx,,,,,,,,,,35.2,63.3,1.5,,,,,0.24948453608247423,1.3324175824175826
44.8,30.8,14.0,18.4428,15.0,66.5,0.39,0.56,0.78,0.95,,,103.86,98.6,81.3,45.3,geotechnical_data_0.xlsx,,,,,,,,,,45.3,53.3,1.4000000000000057,,,,,0.3125,1.4545454545454544
48.0,37.0,11.0,19.2276,16.0,55.4,0.49,0.54,0.61,0.85,,,,97.6,73.4,38.5,geotechnical_data_0.xlsx,,,,,,,,,,38.5,59.099999999999994,2.4000000000000057,,,,,0.22916666666666666,1.2972972972972974
46.5,36.7,9.8,19.3257,16.0,42.2,0.41,0.48,0.56,0.72,,,84.98,96.8,68.5,36.3,geotechnical_data_0.xlsx,,,,,,,,,,36.3,60.5,3.200000000000003,,,,,0.210752688172043,1.2670299727520435
,,,20.5029,28.0,0.0,0.0,0.0,0.0,0.0,0.0,0.0,,84.3,46.8,17.2,geotechnical_data_0.xlsx,,,,,,,,,,17.2,67.1,15.700000000000003,,,,,,
,,,21.189600000000002,30.0,0.0,0.0,0.0,0.0,0.0,0.0,0.0,113.3,88.2,43.7,16.8,geotechnical_data_0.xlsx,,,,,,,,,,16.8,71.4,11.799999999999997,,,,,,
,,,21.582000000000004,32.0,0.0,0.0,0.0,0.0,0.0,0.0,0.0,141.63,86.2,42.2,11.2,geotechnical_data_0.xlsx,,,,,,,,,,11.2,75.0,13.799999999999997,,,,,,
,,,,,,,,,,,,,,,,geotechnical_data_0.xlsx,,,,,,,,,,,,,,,,,,
,,,22.0725,32.0,0.0,0.0,0.0,0.0,0.0,0.0,0.0,169.96,85.5,38.9,9.9,geotechnical_data_0.xlsx,,,,,,,,,,9.9,75.6,14.5,,,,,,
,,,22.6611,34.0,0.0,0.0,0.0,0.0,0.0,0.0,0.0,,70.2,33.2,4.6,geotechnical_data_0.xlsx,,,,,,,,,,4.6,65.60000000000001,29.799999999999997,,,,,,
,,,22.857300000000002,34.0,0.0,0.0,0.0,0.0,0.0,0.0,0.0,245.5,74.5,34.7,5.4,geotechnical_data_0.xlsx,,,,,,,,,,5.4,69.1,25.5,,,,,,
,,,22.0725,32.0,0.0,0.0,0.0,0.0,0.0,0.0,0.0,,78.2,40.2,8.2,geotechnical_data_0.xlsx,,,,,,,,,,8.2,70.0,21.799999999999997,,,,,,
,,,,,,,,,,,,273.82,,,,geotechnical_data_0.xlsx,,,,,,,,,,,,,,,,,,
,,,22.268700000000003,32.0,0.0,0.0,0.0,0.0,0.0,0.0,0.0,302.14,80.5,39.9,10.5,geotechnical_data_0.xlsx,,,,,,,,,,10.5,70.0,19.5,,,,,,
47.6,36.4,11.2,18.8352,12.0,41.8,0.47,,0.66,0.75,,0.85,66.09,99.3,68.9,34.5,geotechnical_data_1.xlsx,,,,,,,,,,34.5,64.8,0.7000000000000028,,,,,0.2352941176470588,1.3076923076923077
48.1,36.1,12.0,18.9333,12.0,46.5,0.5,,0.7,0.8,,0.91,,98.7,65.4,32.6,geotechnical_data_1.xlsx,,,,,,,,,,32.6,66.1,1.2999999999999972,,,,,0.24948024948024947,1.332409972299169
44.6,30.6,14.0,18.4428,15.0,66.2,0.39,,0.56,0.78,,0.95,94.42,98.4,79.5,44.1,geotechnical_data_1.xlsx,,,,,,,,,,44.1,54.300000000000004,1.5999999999999943,,,,,0.3139013452914798,1.457516339869281
46.9,37.1,9.8,19.3257,16.0,42.2,0.41,,0.48,0.56,,0.72,84.98,97.6,73.4,38.5,geotechnical_data_1.xlsx,,,,,,,,,,38.5,59.099999999999994,2.4000000000000057,,,,,0.20895522388059704,1.2641509433962264
46.9,37.1,9.8,19.3257,16.0,42.2,0.41,,0.48,0.56,,0.72,84.98,96.8,68.5,36.3,geotechnical_data_1.xlsx,,,,,,,,,,36.3,60.5,3.200000000000003,,,,,0.20895522388059704,1.2641509433962264
47.5,36.0,11.5,18.8352,12.0,40.7,0.47,,0.66,0.75,,0.84,75.53,99.2,63.9,36.5,geotechnical_data_1.xlsx,,,,,,,,,,36.5,62.7,0.7999999999999972,,,,,0.24210526315789474,1.3194444444444444
45.2,31.2,14.0,18.4428,15.0,65.8,0.39,,0.56,0.78,,0.94,103.86,98.5,80.5,45.1,geotechnical_data_1.xlsx,,,,,,,,,,45.1,53.4,1.5,,,,,0.30973451327433627,1.448717948717949
48.6,37.4,11.2,19.2276,16.0,55.4,0.49,,0.54,0.61,,0.85,,97.6,73.4,38.5,geotechnical_data_1.xlsx,,,,,,,,,,38.5,59.099999999999994,2.4000000000000057,,,,,0.23045267489711932,1.2994652406417113
47.2,37.4,9.8,19.3257,16.0,42.2,0.41,,0.48,0.56,,0.72,84.98,96.8,68.5,36.3,geotechnical_data_1.xlsx,,,,,,,,,,36.3,60.5,3.200000000000003,,,,,0.2076271186440678,1.2620320855614975
47.5,36.0,11.5,18.8352,12.0,44.8,0.47,,0.66,0.75,,0.85,75.53,99.2,63.9,35.5,geotechnical_data_1.xlsx,,,,,,,,,,35.5,63.7,0.7999999999999972,,,,,0.24210526315789474,1.3194444444444444
48.5,36.7,11.8,18.9333,12.0,48.0,0.5,,0.7,0.8,,0.9,,98.5,65.4,35.2,geotechnical_data_1.xlsx,,,,,,,,,,35.2,63.3,1.5,,,,,0.24329896907216497,1.321525885558583
45.6,31.9,13.7,18.4428,15.0,65.7,0.39,,0.56,0.78,,0.95,113.3,98.6,80.8,45.3,geotechnical_data_1.xlsx,,,,,,,,,,45.3,53.3,1.4000000000000057,,,,,0.30043859649122806,1.4294670846394986
48.0,38.2,9.8,19.3257,16.0,55.4,0.49,,0.54,0.61,,0.85,94.42,97.6,73.4,38.5,geotechnical_data_1.xlsx,,,,,,,,,,38.5,59.099999999999994,2.4000000000000057,,,,,0.2041666666666667,1.256544502617801
47.5,36.0,11.5,18.8352,12.0,40.6,0.47,,0.66,0.75,,0.86,75.53,99.2,63.9,36.5,geotechnical_data_1.xlsx,,,,,,,,,,36.5,62.7,0.7999999999999972,,,,,0.24210526315789474,1.3194444444444444
48.6,36.6,12.0,18.9333,12.0,47.5,0.5,,0.7,0.8,,0.91,,98.5,65.4,35.2,geotechnical_data_1.xlsx,,,,,,,,,,35.2,63.3,1.5,,,,,0.24691358024691357,1.3278688524590163
44.9,30.9,14.0,18.4428,15.0,66.0,0.38,,0.56,0.78,,0.96,132.18,98.4,81.3,44.7,geotechnical_data_1.xlsx,,,,,,,,,,44.7,53.7,1.5999999999999943,,,,,0.311804008908686,1.4530744336569579
44.1,31.1,13.0,18.148500000000002,5.0,61.7,0.28,,0.39,1.07,,1.34,,98.4,67.2,44.0,geotechnical_data_2.xlsx,,,,,,,,,,44.0,54.400000000000006,1.5999999999999943,,,,,0.2947845804988662,1.4180064308681672
45.4,32.6,12.8,18.148500000000002,7.0,62.7,0.31,,0.42,1.21,,1.42,169.95,97.6,65.44,45.2,geotechnical_data_2.xlsx,,,,,,,,,,45.2,52.39999999999999,2.4000000000000057,,,,,0.28193832599118945,1.392638036809816
46.0,30.5,15.5,18.050400000000003,8.0,62.0,0.24,,0.35,1.1,,1.36,151.07,96.7,77.5,46.2,geotechnical_data_2.xlsx,,,,,,,,,,46.2,50.5,3.299999999999997,,,,,0.33695652173913043,1.5081967213114753
46.4,30.4,16.0,18.050400000000003,10.0,64.6,0.23,,0.31,1.15,,1.29,,95.6,76.3,44.2,geotechnical_data_2.xlsx,,,,,,,,,,44.2,51.39999999999999,4.400000000000006,,,,,0.3448275862068966,1.5263157894736843
38.1,29.1,9.0,18.4428,12.0,56.0,0.17,,0.28,1.02,,1.23,236.05,94.0,73.7,42.9,geotechnical_data_2.xlsx,,,,,,,,,,42.9,51.1,6.0,,,,,0.23622047244094488,1.309278350515464
24.4,19.6,4.8,18.639,15.0,52.6,0.15,,0.26,1.05,,1.19,,93.5,72.9,39.4,geotechnical_data_2.xlsx,,,,,,,,,,39.4,54.1,6.5,,,,,0.19672131147540983,1.2448979591836733
44.8,30.8,14.0,18.050400000000003,6.0,59.4,0.31,,0.45,1.05,,1.23,,98.2,66.4,46.1,geotechnical_data_2.xlsx,,,,,,,,,,46.1,52.1,1.7999999999999972,,,,,0.3125,1.4545454545454544
44.1,30.3,13.8,18.148500000000002,7.0,62.4,0.34,,0.48,1.1,,1.39,,97.6,65.8,44.0,geotechnical_data_2.xlsx,,,,,,,,,,44.0,53.599999999999994,2.4000000000000057,,,,,0.3129251700680272,1.4554455445544554
48.0,33.0,15.0,18.148500000000002,15.0,63.7,0.26,,0.4,0.92,,1.25,179.39,97.2,57.4,41.3,geotechnical_data_2.xlsx,,,,,,,,,,41.3,55.900000000000006,2.799999999999997,,,,,0.3125,1.4545454545454546
45.7,31.1,14.6,18.148500000000002,15.0,64.6,0.3,,0.42,1.08,,1.37,,96.4,54.7,37.5,geotechnical_data_2.xlsx,,,,,,,,,,37.5,58.900000000000006,3.5999999999999943,,,,,0.3194748358862144,1.4694533762057878
48.4,36.6,11.8,18.2466,12.0,65.8,0.34,,0.43,1.31,,1.6,217.16,98.5,73.9,51.3,geotechnical_data_2.xlsx,,,,,,,,,,51.3,47.2,1.5,,,,,0.243801652892562,1.3224043715846994
47.2,35.2,12.0,18.2466,12.0,69.7,0.39,,0.51,1.26,,1.37,,98.1,70.2,43.0,geotechnical_data_2.xlsx,,,,,,,,,,43.0,55.099999999999994,1.9000000000000057,,,,,0.2542372881355932,1.3409090909090908
36.8,18.8,18.0,18.4428,16.0,53.4,0.19,,0.08,0.96,,1.24,,97.6,67.4,39.5,geotechnical_data_2.xlsx,,,,,,,,,,39.5,58.099999999999994,2.4000000000000057,,,,,0.48913043478260876,1.957446808510638
35.4,20.2,15.2,18.5409,18.0,47.2,0.17,,0.06,0.87,,1.08,,96.8,58.5,37.2,geotechnical_data_2.xlsx,,,,,,,,,,37.2,59.599999999999994,3.200000000000003,,,,,0.4293785310734463,1.7524752475247525
52.6,35.6,17.0,17.7561,4.0,37.4,0.47,,0.72,1.49,,1.78,,99.2,89.0,55.0,geotechnical_data_2.xlsx,,,,,,,,,,55.0,44.2,0.7999999999999972,,,,,0.3231939163498099,1.4775280898876404
47.0,32.0,15.0,18.050400000000003,6.0,63.2,0.33,,0.38,1.03,,1.34,179.39,95.7,75.1,47.9,geotechnical_data_2.xlsx,,,,,,,,,,47.9,47.800000000000004,4.299999999999997,,,,,0.3191489361702128,1.46875
48.1,31.9,16.2,18.148500000000002,6.0,65.2,0.3,,0.4,1.12,,1.3,,96.4,77.5,48.5,geotechnical_data_2.xlsx,,,,,,,,,,48.5,47.900000000000006,3.5999999999999943,,,,,0.33679833679833676,1.5078369905956115
41.2,30.7,10.5,18.2466,12.0,65.8,0.36,,0.42,1.24,,1.39,,98.0,72.7,41.0,geotechnical_data_2.xlsx,,,,,,,,,,41.0,57.0,2.0,,,,,0.25485436893203883,1.3420195439739415
43.2,31.8,11.4,18.344700000000003,12.0,71.7,0.4,,0.49,1.15,,1.25,,97.6,69.5,36.2,geotechnical_data_2.xlsx,,,,,,,,,,36.2,61.39999999999999,2.4000000000000057,,,,,0.2638888888888889,1.358490566037736
49.0,34.8,14.2,17.9523,5.0,58.5,0.24,,0.39,1.25,,1.43,,98.6,69.5,49.0,geotechnical_data_2.xlsx,,,,,,,,,,49.0,49.599999999999994,1.4000000000000057,,,,,0.2897959183673469,1.4080459770114944
45.2,31.7,13.5,18.050400000000003,5.0,60.0,0.21,,0.35,1.19,,1.37,179.39,97.8,68.0,48.2,geotechnical_data_2.xlsx,,,,,,,,,,48.2,49.599999999999994,2.200000000000003,,,,,0.2986725663716814,1.4258675078864353
42.0,31.0,11.0,18.2466,6.0,61.8,0.17,,0.28,1.05,,1.21,151.07,97.2,63.9,42.5,geotechnical_data_2.xlsx,,,,,,,,,,42.5,54.7,2.799999999999997,,,,,0.2619047619047619,1.3548387096774193
43.2,31.0,12.2,18.2466,8.0,63.5,0.18,,0.35,1.12,,1.34,,97.5,65.4,43.2,geotechnical_data_2.xlsx,,,,,,,,,,43.2,54.3,2.5,,,,,0.2824074074074074,1.3935483870967742
44.2,31.7,12.5,18.2466,12.0,70.3,0.39,,0.46,1.28,,1.45,226.6,98.5,73.5,44.1,geotechnical_data_2.xlsx,,,,,,,,,,44.1,54.4,1.5,,,,,0.2828054298642534,1.3943217665615144
45.7,32.8,12.9,18.344700000000003,12.0,72.2,0.42,,0.51,1.2,,1.36,,97.8,69.5,45.2,geotechnical_data_2.xlsx,,,,,,,,,,45.2,52.599999999999994,2.200000000000003,,,,,0.28227571115973743,1.3932926829268295
41.0,23.0,18.0,17.854200000000002,15.0,59.4,0.19,,0.08,0.96,,1.24,,97.6,69.4,41.5,geotechnical_data_2.xlsx,,,,,,,,,,41.5,56.099999999999994,2.4000000000000057,,,,,0.43902439024390244,1.7826086956521738
37.3,22.1,15.2,18.050400000000003,17.0,57.2,0.17,,0.06,0.87,,1.08,292.7,96.8,68.5,40.3,geotechnical_data_2.xlsx,,,,,,,,,,40.3,56.5,3.200000000000003,,,,,0.4075067024128686,1.687782805429864
28.5,17.0,11.5,18.0,6.0,23.0,0.38,,,0.67,,,,,63.0,39.0,geotechnical_data_3.xlsx,,23.5,0.45,0.84,,100.0,,,,39.0,61.0,0.0,,,0.5652173913043478,0.43478260869565216,0.40350877192982454,1.6764705882352942
30.0,18.0,12.0,18.3,8.0,29.8,0.37,,,0.75,,,,,67.0,31.0,geotechnical_data_3.xlsx,,26.0,0.51,0.92,,97.0,,,,31.0,66.0,3.0,,,0.6666666666666666,0.3333333333333333,0.4,1.6666666666666667
31.4,18.0,13.4,18.4,8.0,32.0,0.43,,,0.75,,,,,68.0,41.0,geotechnical_data_3.xlsx,,26.4,0.55,0.86,,100.0,,,,41.0,59.0,0.0,,,0.626865671641791,0.3731343283582089,0.4267515923566879,1.7444444444444445
28.2,13.7,14.5,18.6,10.0,34.6,0.48,,,0.8,,,,,65.0,31.0,geotechnical_data_3.xlsx,37.0,27.4,0.65,0.98,,94.0,,,,31.0,63.0,6.0,,,0.9448275862068966,0.055172413793103496,0.5141843971631206,2.0583941605839415
20.4,9.9,10.5,19.8,15.0,21.0,0.21,,,0.51,,,,,55.0,27.0,geotechnical_data_3.xlsx,,18.4,0.32,0.58,,92.0,,,,27.0,65.0,8.0,,,0.8095238095238093,0.19047619047619047,0.5147058823529412,2.0606060606060606
15.2,6.7,8.5,20.5,17.0,19.4,0.24,,,0.47,,,,,45.0,12.0,geotechnical_data_3.xlsx,,15.2,0.36,0.53,,87.0,,,,12.0,75.0,13.0,,,1.0,0.0,0.5592105263157895,2.2686567164179103
28.0,16.2,11.8,18.2,6.0,23.5,0.36,,,0.69,,,,,70.0,38.0,geotechnical_data_3.xlsx,,23.7,0.44,0.82,,100.0,,,,38.0,62.0,0.0,,,0.635593220338983,0.364406779661017,0.42142857142857143,1.7283950617283952
29.7,17.5,12.2,18.3,8.0,29.4,0.39,,,0.74,,,,,64.0,31.0,geotechnical_data_3.xlsx,13.0,25.4,0.52,0.9,,100.0,,,,31.0,69.0,0.0,,,0.6475409836065573,0.3524590163934427,0.41077441077441074,1.697142857142857
32.7,19.5,13.2,18.4,8.0,32.0,0.42,,,0.76,,,,,68.0,39.0,geotechnical_data_3.xlsx,,26.8,0.53,0.85,,100.0,,,,39.0,61.0,0.0,,,0.5530303030303031,0.44696969696969713,0.40366972477064217,1.676923076923077
28.1,14.0,14.1,18.6,10.0,35.2,0.46,,,0.8,,,,,65.0,29.0,geotechnical_data_3.xlsx,39.0,27.0,0.65,0.94,,94.0,,,,29.0,65.0,6.0,,,0.9219858156028369,0.07801418439716322,0.5017793594306049,2.007142857142857
18.4,7.9,10.5,19.8,15.0,24.0,0.21,,,0.51,,,,,57.0,26.0,geotechnical_data_3.xlsx,,18.4,0.29,0.64,,92.0,,,,26.0,66.0,8.0,,,0.9999999999999998,0.0,0.5706521739130436,2.3291139240506324
15.2,6.7,8.5,20.5,16.0,22.6,0.24,,,0.48,,,,,48.0,16.0,geotechnical_data_3.xlsx,,15.2,0.36,0.57,,87.0,,,,16.0,71.0,13.0,,,1.0,0.0,0.5592105263157895,2.2686567164179103
28.7,16.8,11.9,18.1,6.0,23.5,0.37,,,0.69,,,,,69.0,43.0,geotechnical_data_3.xlsx,,22.8,0.43,0.84,,100.0,,,,43.0,57.0,0.0,,,0.5042016806722689,0.49579831932773094,0.41463414634146345,1.7083333333333333
29.4,17.2,12.2,18.3,8.0,28.2,0.4,,,0.74,,,,,64.0,31.0,geotechnical_data_3.xlsx,14.0,25.7,0.52,0.9,,99.0,,,,31.0,68.0,1.0,,,0.6967213114754098,0.3032786885245901,0.41496598639455784,1.7093023255813953
31.4,18.3,13.1,18.5,8.0,32.2,0.43,,,0.72,,,,,71.0,41.0,geotechnical_data_3.xlsx,,26.4,0.54,0.86,,100.0,,,,41.0,59.0,0.0,,,0.6183206106870227,0.3816793893129771,0.4171974522292994,1.715846994535519
28.6,15.1,13.5,18.6,10.0,34.8,0.48,,,0.81,,,,,68.0,32.0,geotechnical_data_3.xlsx,34.0,27.4,0.66,0.92,,94.0,,,,32.0,62.0,6.0,,,0.911111111111111,0.0888888888888891,0.47202797202797203,1.8940397350993379
19.1,9.0,10.1,19.6,15.0,21.0,0.21,,,0.42,,,,,57.0,30.0,geotechnical_data_3.xlsx,,18.4,0.31,0.58,,95.0,,,,30.0,65.0,5.0,,,0.9306930693069306,0.06930693069306959,0.5287958115183246,2.1222222222222222
16.2,6.7,9.5,20.1,17.0,20.0,0.24,,,0.44,,,,,48.0,14.0,geotechnical_data_3.xlsx,,15.2,0.37,0.5,,88.0,,,,14.0,74.0,12.0,,,0.8947368421052632,0.10526315789473684,0.5864197530864198,2.417910447761194
35.2,23.2,12.0,18.7,6.0,38.4,0.74,,,1.2,,,,,75.1,40.1,geotechnical_data_4.xlsx,,47.6,0.62,1.36,,100.0,,,,40.1,59.9,0.0,,,2.0333333333333337,-1.0333333333333332,0.3409090909090909,1.517241379310345
39.5,20.6,18.9,19.5,8.0,47.0,0.71,,,0.91,,,75.53,,72.1,32.4,geotechnical_data_4.xlsx,,43.5,0.39,1.1,,100.0,,,,32.4,67.6,0.0,,,1.2116402116402116,-0.21164021164021166,0.4784810126582278,1.9174757281553396
39.8,20.8,19.0,19.5,8.0,47.5,0.64,,,0.95,,,103.86,,68.4,28.7,geotechnical_data_4.xlsx,,42.3,0.68,0.98,,100.0,,,,28.7,71.3,0.0,,,1.1315789473684208,-0.13157894736842105,0.47738693467336685,1.9134615384615383
49.6,30.2,19.4,19.7,11.0,61.0,0.58,,,0.81,,,151.07,,67.2,32.4,geotechnical_data_4.xlsx,,42.6,0.57,0.88,,99.7,,,,32.4,67.30000000000001,0.29999999999999716,,,0.6391752577319589,0.3608247422680413,0.3911290322580645,1.642384105960265
42.4,20.9,21.5,19.9,9.0,40.0,0.41,,,0.87,,,217.16,,58.4,34.9,geotechnical_data_4.xlsx,,45.7,0.48,0.95,,97.4,,,,34.9,62.50000000000001,2.5999999999999943,,,1.1534883720930234,-0.15348837209302346,0.5070754716981132,2.028708133971292
44.0,24.3,19.7,20.1,7.0,52.4,0.37,,,0.51,,,,,59.6,22.4,geotechnical_data_4.xlsx,,45.6,0.41,0.82,,94.1,,,,22.4,71.69999999999999,5.900000000000006,,,1.0812182741116751,-0.0812182741116752,0.4477272727272727,1.8106995884773662
42.6,23.1,19.5,20.5,8.0,54.6,0.32,,,0.65,,,226.6,,47.8,18.6,geotechnical_data_4.xlsx,,44.8,0.39,0.77,,92.8,,,,18.6,74.19999999999999,7.200000000000003,,,1.1128205128205126,-0.1128205128205126,0.45774647887323944,1.844155844155844
87.4,36.0,51.4,19.7,11.0,58.0,0.64,,,1.07,,,321.02,,75.8,74.6,geotechnical_data_4.xlsx,,89.6,0.75,1.48,,99.6,,,,74.6,25.0,0.4000000000000057,,,1.0428015564202333,-0.04280155642023324,0.5881006864988558,2.427777777777778
86.7,34.0,52.7,19.9,12.0,63.0,0.72,,,1.23,,,,,74.2,84.3,geotechnical_data_4.xlsx,,89.4,0.96,2.15,,100.0,,,,84.3,15.700000000000003,0.0,,,1.0512333965844403,-0.05123339658444028,0.607843137254902,2.5500000000000003
34.6,21.2,13.4,18.8,6.0,40.2,0.75,,,1.2,,,,,76.4,41.3,geotechnical_data_4.xlsx,,48.6,0.63,1.35,,100.0,,,,41.3,58.7,0.0,,,2.044776119402985,-1.044776119402985,0.3872832369942196,1.6320754716981134
37.4,20.4,17.0,19.5,8.0,46.5,0.71,,,0.91,,,66.09,,72.1,35.2,geotechnical_data_4.xlsx,,42.4,0.4,1.08,,100.0,,,,35.2,64.8,0.0,,,1.2941176470588236,-0.29411764705882354,0.4545454545454546,1.8333333333333335
38.2,20.7,17.5,19.7,8.0,47.2,0.64,,,0.95,,,84.97,,70.4,33.8,geotechnical_data_4.xlsx,,42.9,0.68,0.98,,99.8,,,,33.8,66.0,0.20000000000000284,,,1.2685714285714285,-0.26857142857142835,0.45811518324607325,1.8454106280193239
42.1,22.7,19.4,19.8,11.0,58.2,0.58,,,0.81,,,113.3,,67.2,32.2,geotechnical_data_4.xlsx,,43.5,0.58,0.9,,99.8,,,,32.2,67.6,0.20000000000000284,,,1.0721649484536084,-0.07216494845360819,0.4608076009501187,1.8546255506607932
43.1,21.6,21.5,19.8,10.0,46.5,0.42,,,0.88,,,207.72,,58.4,35.0,geotechnical_data_4.xlsx,,46.2,0.49,0.96,,97.4,,,,35.0,62.400000000000006,2.5999999999999943,,,1.144186046511628,-0.14418604651162797,0.49883990719257537,1.9953703703703702
42.5,22.8,19.7,20.1,7.0,52.4,0.37,,,0.51,,,,,59.6,22.4,geotechnical_data_4.xlsx,,43.2,0.41,0.82,,94.1,,,,22.4,71.69999999999999,5.900000000000006,,,1.035532994923858,-0.035532994923858016,0.46352941176470586,1.8640350877192982
41.6,21.8,19.8,20.3,8.0,53.8,0.33,,,0.65,,,226.6,,47.8,19.2,geotechnical_data_4.xlsx,,42.8,0.39,0.74,,92.7,,,,19.2,73.5,7.299999999999997,,,1.0606060606060603,-0.060606060606060386,0.47596153846153844,1.908256880733945
84.1,32.7,51.4,19.9,11.0,59.6,0.61,,,1.05,,,302.14,,69.6,73.6,geotechnical_data_4.xlsx,,85.4,0.74,1.38,,99.8,,,,73.6,26.200000000000003,0.20000000000000284,,,1.0252918287937745,-0.02529182879377454,0.6111771700356718,2.571865443425076
85.0,32.3,52.7,19.8,12.0,62.8,0.69,,,1.22,,,,,70.1,80.4,geotechnical_data_4.xlsx,,85.6,0.95,2.1,,100.0,,,,80.4,19.599999999999994,0.0,,,1.0113851992409866,-0.01138519924098661,0.62,2.6315789473684212
34.4,22.0,12.4,14.4,6.0,38.4,0.74,,,1.2,,,,,67.1,36.1,geotechnical_data_4.xlsx,,41.2,0.62,1.36,,99.7,,,,36.1,63.6,0.29999999999999716,,,1.5483870967741937,-0.5483870967741938,0.3604651162790698,1.5636363636363635
39.5,20.6,18.9,19.5,8.0,46.4,0.71,,,0.91,,,75.53,,66.1,32.1,geotechnical_data_4.xlsx,,43.5,0.39,1.05,,99.6,,,,32.1,67.5,0.4000000000000057,,,1.2116402116402116,-0.21164021164021166,0.4784810126582278,1.9174757281553396
39.8,20.8,19.0,19.5,8.0,47.2,0.64,,,0.95,,,103.86,,64.7,32.6,geotechnical_data_4.xlsx,,42.3,0.68,0.98,,99.4,,,,32.6,66.80000000000001,0.5999999999999943,,,1.1315789473684208,-0.13157894736842105,0.47738693467336685,1.9134615384615383
43.5,23.4,20.1,19.8,10.0,54.8,0.58,,,0.81,,,151.07,,67.2,34.6,geotechnical_data_4.xlsx,,44.5,0.57,0.89,,99.8,,,,34.6,65.19999999999999,0.20000000000000284,,,1.0497512437810945,-0.04975124378109452,0.4620689655172414,1.858974358974359
33.2,11.7,21.5,19.9,12.0,40.0,0.41,,,0.87,,,217.16,,65.8,33.6,geotechnical_data_4.xlsx,,50.0,0.48,0.95,,99.5,,,,33.6,65.9,0.5,,,1.7813953488372092,-0.7813953488372092,0.6475903614457831,2.837606837606838
44.0,21.2,22.8,19.8,7.0,52.4,0.37,,,0.51,,,,,65.8,31.3,geotechnical_data_4.xlsx,,51.8,0.41,0.8,,85.0,,,,31.3,53.7,15.0,,,1.3421052631578947,-0.3421052631578946,0.5181818181818182,2.0754716981132075
87.5,35.7,51.8,19.5,11.0,58.0,0.64,,,1.05,,,321.02,,,87.8,geotechnical_data_4.xlsx,,89.6,0.74,1.45,,98.4,,,,87.8,10.600000000000009,1.5999999999999943,,,1.0405405405405403,-0.04054054054054043,0.592,2.4509803921568625
85.0,28.2,56.8,19.7,12.0,63.0,0.7,,,1.23,,,,,92.8,83.2,geotechnical_data_4.xlsx,,88.4,0.96,2.15,,98.2,,,,83.2,15.0,1.7999999999999972,,,1.0598591549295775,-0.059859154929577565,0.668235294117647,3.014184397163121
43.2,24.8,18.4,18.5,6.0,39.0,0.72,,,1.22,,,,,73.0,38.4,geotechnical_data_4.xlsx,,53.4,0.63,1.35,,100.0,,,,38.4,61.6,0.0,,,1.5543478260869565,-0.5543478260869563,0.4259259259259259,1.7419354838709677
42.6,18.8,23.8,19.6,8.0,47.0,0.71,,,0.91,,,66.09,,61.5,32.1,geotechnical_data_4.xlsx,,52.4,0.39,1.1,,100.0,,,,32.1,67.9,0.0,,,1.4117647058823526,-0.4117647058823528,0.5586854460093896,2.2659574468085104
48.0,23.9,24.1,19.7,8.0,47.5,0.64,,,0.95,,,75.53,,67.4,26.6,geotechnical_data_4.xlsx,,51.8,0.68,0.98,,100.0,,,,26.6,73.4,0.0,,,1.1576763485477177,-0.15767634854771773,0.5020833333333333,2.00836820083682
46.4,26.3,20.1,19.8,11.0,56.1,0.57,,,0.81,,,94.42,,67.4,32.8,geotechnical_data_4.xlsx,,50.5,0.57,0.86,,99.7,,,,32.8,66.9,0.29999999999999716,,,1.2039800995024874,-0.2039800995024876,0.4331896551724138,1.7642585551330798
38.1,19.7,18.4,20.1,9.0,62.4,0.41,,,0.87,,,198.28,,58.1,35.0,geotechnical_data_4.xlsx,,46.7,0.48,0.94,,97.4,,,,35.0,62.400000000000006,2.5999999999999943,,,1.4673913043478264,-0.4673913043478262,0.4829396325459317,1.934010152284264
33.0,19.2,13.8,20.1,8.0,52.8,0.37,,,0.51,,,,,42.6,19.2,geotechnical_data_4.xlsx,,45.6,0.41,0.8,,90.4,,,,19.2,71.2,9.599999999999994,,,1.9130434782608696,-0.9130434782608696,0.4181818181818182,1.71875
34.8,22.1,12.7,20.5,8.0,53.1,0.33,,,0.65,,,217.16,,46.8,16.4,geotechnical_data_4.xlsx,,38.2,0.4,0.76,,89.3,,,,16.4,72.9,10.700000000000003,,,1.267716535433071,-0.26771653543307133,0.3649425287356322,1.5746606334841626
84.0,34.2,49.8,19.6,12.0,63.0,0.64,,,1.03,,,302.14,,77.1,71.4,geotechnical_data_4.xlsx,,91.1,0.73,1.42,,99.3,,,,71.4,27.89999999999999,0.7000000000000028,,,1.142570281124498,-0.14257028112449788,0.5928571428571429,2.4561403508771926
80.0,33.9,46.1,19.9,12.0,64.0,0.72,,,1.24,,,,,95.7,87.3,geotechnical_data_4.xlsx,,85.9,0.98,2.2,,100.0,,,,87.3,12.700000000000003,0.0,,,1.1279826464208245,-0.1279826464208244,0.57625,2.359882005899705
39.6,24.4,15.2,18.5,6.0,38.2,0.72,,,1.15,,,,,67.5,36.5,geotechnical_data_4.xlsx,,41.4,0.65,1.34,,99.5,,,,36.5,63.0,0.5,,,1.118421052631579,-0.11842105263157876,0.3838383838383838,1.6229508196721314
40.1,23.0,17.1,19.4,8.0,47.0,0.7,,,0.93,,,75.54,,60.8,27.8,geotechnical_data_4.xlsx,,46.0,0.53,1.15,,98.8,,,,27.8,71.0,1.2000000000000028,,,1.3450292397660817,-0.34502923976608174,0.4264339152119701,1.7434782608695654
42.4,25.0,17.4,19.5,8.0,47.2,0.63,,,0.98,,,94.42,,64.7,32.6,geotechnical_data_4.xlsx,,43.7,0.64,0.97,,99.4,,,,32.6,66.80000000000001,0.5999999999999943,,,1.074712643678161,-0.07471264367816118,0.410377358490566,1.696
45.2,25.6,19.6,19.8,11.0,58.6,0.46,,,0.81,,,122.75,,75.1,32.8,geotechnical_data_4.xlsx,,48.5,0.54,0.89,,96.7,,,,32.8,63.900000000000006,3.299999999999997,,,1.1683673469387754,-0.16836734693877536,0.4336283185840708,1.765625
50.1,26.4,23.7,19.8,9.0,63.0,0.4,,,0.82,,,188.84,,78.1,33.8,geotechnical_data_4.xlsx,,56.4,0.48,0.92,,99.3,,,,33.8,65.5,0.7000000000000028,,,1.2658227848101267,-0.26582278481012644,0.4730538922155688,1.897727272727273
55.0,25.1,29.9,19.9,7.0,53.4,0.35,,,0.54,,,,,65.8,31.3,geotechnical_data_4.xlsx,,56.9,0.41,0.8,,85.0,,,,31.3,53.7,15.0,,,1.0635451505016722,-0.0635451505016722,0.5436363636363636,2.191235059760956
93.0,40.6,52.4,19.6,11.0,58.0,0.67,,,0.98,,,302.14,,86.3,76.9,geotechnical_data_4.xlsx,,97.4,0.79,1.38,,96.8,,,,76.9,19.89999999999999,3.200000000000003,,,1.083969465648855,-0.08396946564885507,0.5634408602150538,2.29064039408867
95.0,38.2,56.8,19.8,12.0,63.0,0.74,,,1.02,,,,,84.4,80.4,geotechnical_data_4.xlsx,,98.4,0.88,1.61,,97.3,,,,80.4,16.89999999999999,2.700000000000003,,,1.0598591549295775,-0.059859154929577565,0.5978947368421053,2.486910994764398
39.0,18.5,20.5,17.658,6.0,62.5,0.24,,0.13,2.26,,3.96,141.62,96.7,74.6,47.5,geotechnical_data_6.xlsx,,,,,,,,,,47.5,49.2,3.299999999999997,,,,,0.5256410256410257,2.108108108108108
37.2,19.0,18.2,17.658,8.0,63.4,0.21,,0.12,2.09,,3.13,,96.5,73.8,45.2,geotechnical_data_6.xlsx,,,,,,,,,,45.2,51.3,3.5,,,,,0.48924731182795694,1.9578947368421054
36.7,20.5,16.2,17.658,10.0,64.2,0.2,,0.1,1.78,,2.75,226.6,96.0,72.8,41.2,geotechnical_data_6.xlsx,,,,,,,,,,41.2,54.8,4.0,,,,,0.44141689373297,1.7902439024390244
30.0,19.6,10.4,18.148500000000002,15.0,65.0,0.19,,0.09,1.65,,2.4,254.93,98.5,72.4,36.1,geotechnical_data_6.xlsx,,,,,,,,,,36.1,62.4,1.5,,,,,0.3466666666666667,1.530612244897959
26.2,19.2,7.0,18.639,17.0,68.6,0.13,,0.07,1.45,,1.8,,98.0,73.4,25.8,geotechnical_data_6.xlsx,,,,,,,,,,25.8,72.2,2.0,,,,,0.26717557251908397,1.3645833333333333
49.6,28.6,21.0,17.658,5.0,52.6,0.3,,0.19,2.41,,4.12,132.88,99.2,85.0,48.7,geotechnical_data_6.xlsx,,,,,,,,,,48.7,50.5,0.7999999999999972,,,,,0.42338709677419356,1.7342657342657342
51.0,25.9,25.1,17.658,6.0,61.4,0.28,,0.14,2.3,,3.84,141.62,98.7,72.5,44.7,geotechnical_data_6.xlsx,,,,,,,,,,44.7,54.0,1.2999999999999972,,,,,0.49215686274509807,1.9691119691119692
47.4,24.8,22.6,17.7561,10.0,63.6,0.21,,0.11,1.93,,2.7,198.6,97.8,71.5,42.4,geotechnical_data_6.xlsx,,,,,,,,,,42.4,55.4,2.200000000000003,,,,,0.47679324894514774,1.911290322580645
36.0,19.9,16.1,18.050400000000003,15.0,64.6,0.2,,0.1,1.72,,2.36,217.16,96.3,68.1,36.7,geotechnical_data_6.xlsx,,,,,,,,,,36.7,59.599999999999994,3.700000000000003,,,,,0.44722222222222224,1.8090452261306533
38.7,24.5,14.2,18.639,15.0,66.4,0.17,,0.08,1.36,,1.98,,96.1,65.6,35.0,geotechnical_data_6.xlsx,,,,,,,,,,35.0,61.099999999999994,3.9000000000000057,,,,,0.36692506459948315,1.579591836734694
46.0,24.6,21.4,17.658,12.0,65.8,0.31,,0.17,1.24,,1.4,254.93,97.7,76.5,53.1,geotechnical_data_6.xlsx,,,,,,,,,,53.1,44.6,2.299999999999997,,,,,0.4652173913043478,1.8699186991869918
43.2,23.1,20.1,17.854200000000002,12.0,70.4,0.42,,0.24,1.06,,1.25,,97.3,75.5,50.4,geotechnical_data_6.xlsx,,,,,,,,,,50.4,46.9,2.700000000000003,,,,,0.4652777777777778,1.87012987012987
51.0,26.0,25.0,17.7561,8.0,63.4,0.29,,0.14,2.31,,3.8,151.07,98.0,76.4,48.0,geotechnical_data_6.xlsx,,,,,,,,,,48.0,50.0,2.0,,,,,0.49019607843137253,1.9615384615384615
38.9,20.3,18.6,18.050400000000003,10.0,64.8,0.21,,0.11,1.96,,2.75,207.72,97.6,70.1,39.4,geotechnical_data_6.xlsx,,,,,,,,,,39.4,58.199999999999996,2.4000000000000057,,,,,0.47814910025706947,1.9162561576354677
26.1,19.1,7.0,18.344700000000003,15.0,63.4,0.19,,0.08,1.72,,2.46,254.93,97.8,71.5,31.4,geotechnical_data_6.xlsx,,,,,,,,,,31.4,66.4,2.200000000000003,,,,,0.2681992337164751,1.3664921465968587
27.3,18.9,8.4,18.8352,18.0,67.2,0.17,,0.06,1.39,,1.93,,96.0,69.1,25.0,geotechnical_data_6.xlsx,,,,,,,,,,25.0,71.0,4.0,,,,,0.3076923076923077,1.4444444444444446
42.5,23.0,19.5,17.658,8.0,62.0,0.24,,0.16,2.18,,3.91,151.07,98.7,74.8,45.2,geotechnical_data_6.xlsx,,,,,,,,,,45.2,53.5,1.2999999999999972,,,,,0.4588235294117647,1.8478260869565217
41.7,22.7,19.0,17.7561,9.0,,0.23,,0.15,1.94,,3.25,,98.6,73.1,43.2,geotechnical_data_6.xlsx,,,,,,,,,,43.2,55.39999999999999,1.4000000000000057,,,,,0.45563549160671457,1.837004405286344
40.1,21.7,18.4,17.854200000000002,10.0,64.6,0.2,,0.14,1.87,,2.88,188.84,98.5,72.6,41.4,geotechnical_data_6.xlsx,,,,,,,,,,41.4,57.1,1.5,,,,,0.4588528678304239,1.847926267281106
38.1,24.4,13.7,18.148500000000002,15.0,67.0,0.18,,0.13,1.54,,2.36,254.93,99.0,75.4,39.4,geotechnical_data_6.xlsx,,,,,,,,,,39.4,59.6,1.0,,,,,0.3595800524934383,1.5614754098360657
35.4,23.6,11.8,18.344700000000003,17.0,68.4,0.15,,0.11,1.21,,1.7,,98.5,72.5,36.4,geotechnical_data_6.xlsx,,,,,,,,,,36.4,62.1,1.5,,,,,0.33333333333333337,1.4999999999999998
40.1,20.0,20.1,18.8352,10.0,61.4,0.2,,0.12,1.16,,1.52,302.14,98.4,77.4,53.4,geotechnical_data_6.xlsx,,,,,,,,,,53.4,45.00000000000001,1.5999999999999943,,,,,0.5012468827930174,2.005
41.8,19.0,22.8,18.639,12.0,69.5,0.17,,0.07,0.93,,1.28,,98.2,75.8,49.5,geotechnical_data_6.xlsx,,,,,,,,,,49.5,48.7,1.7999999999999972,,,,,0.5454545454545455,2.1999999999999997
43.6,27.2,16.4,17.7561,8.0,63.5,0.27,,0.16,2.28,,3.67,160.51,98.4,74.5,53.2,geotechnical_data_6.xlsx,,,,,,,,,,53.2,45.2,1.5999999999999943,,,,,0.37614678899082565,1.6029411764705883
38.4,23.0,15.4,17.854200000000002,12.0,66.4,0.24,,0.13,2.19,,2.86,207.72,98.0,72.5,47.6,geotechnical_data_6.xlsx,,,,,,,,,,47.6,50.4,2.0,,,,,0.4010416666666667,1.6695652173913043
30.4,21.0,9.4,18.8352,14.0,67.0,0.21,,0.11,1.84,,2.14,245.49,97.8,70.1,39.4,geotechnical_data_6.xlsx,,,,,,,,,,39.4,58.4,2.200000000000003,,,,,0.3092105263157895,1.4476190476190476
35.4,28.0,7.4,18.639,15.0,68.2,0.17,,0.08,1.52,,1.96,,97.6,69.5,37.8,geotechnical_data_6.xlsx,,,,,,,,,,37.8,59.8,2.4000000000000057,,,,,0.2090395480225989,1.2642857142857142
39.6,23.6,16.0,17.854200000000002,10.0,70.0,0.18,,0.15,1.23,,1.8,273.81,97.1,74.1,66.4,geotechnical_data_6.xlsx,,,,,,,,,,66.4,30.69999999999999,2.9000000000000057,,,,,0.40404040404040403,1.6779661016949152
41.1,21.1,20.0,18.050400000000003,12.0,71.7,0.16,,0.12,0.97,,1.23,,96.5,71.4,60.1,geotechnical_data_6.xlsx,,,,,,,,,,60.1,36.4,3.5,,,,,0.48661800486618,1.947867298578199
47.6,26.6,21.0,17.559900000000003,6.0,58.8,0.32,,0.16,2.39,,3.98,127.46,98.8,78.3,48.2,geotechnical_data_6.xlsx,,,,,,,,,,48.2,50.599999999999994,1.2000000000000028,,,,,0.4411764705882353,1.7894736842105263
49.1,23.0,26.1,17.658,8.0,60.5,0.28,,0.15,2.14,,3.78,160.5,98.5,77.4,46.2,geotechnical_data_6.xlsx,,,,,,,,,,46.2,52.3,1.5,,,,,0.5315682281059063,2.134782608695652
40.1,20.3,19.8,17.854200000000002,12.0,64.5,0.22,,0.12,1.88,,2.98,198.28,98.3,74.1,41.2,geotechnical_data_6.xlsx,,,,,,,,,,41.2,57.099999999999994,1.7000000000000028,,,,,0.4937655860349127,1.9753694581280787
36.0,20.0,16.0,18.344700000000003,15.0,65.0,0.2,,0.1,1.72,,2.61,226.6,98.2,71.6,38.6,geotechnical_data_6.xlsx,,,,,,,,,,38.6,59.6,1.7999999999999972,,,,,0.4444444444444444,1.8
28.0,11.9,16.1,18.8352,16.0,69.0,0.14,,0.07,1.24,,1.82,264.37,97.5,69.5,27.6,geotechnical_data_6.xlsx,,,,,,,,,,27.6,69.9,2.5,,,,,0.5750000000000001,2.3529411764705883
34.6,23.1,11.5,18.050400000000003,11.0,52.6,0.47,,,0.65,,,,,70.6,34.9,geotechnical_data_7.xlsx,,38.4,0.51,0.8,,99.4,,,,34.9,64.5,0.5999999999999943,,,1.3304347826086953,-0.3304347826086954,0.33236994219653176,1.4978354978354977
32.1,20.1,12.0,,12.0,54.8,0.45,,,0.61,,,,,67.6,34.5,geotechnical_data_7.xlsx,25.0,37.4,0.49,0.72,,99.0,,,,34.5,64.5,1.0,,,1.4416666666666664,-0.44166666666666643,0.37383177570093457,1.5970149253731343
29.1,16.8,12.3,18.344700000000003,14.0,60.4,0.39,,,0.57,,,,,64.7,33.7,geotechnical_data_7.xlsx,,33.6,0.47,0.7,,98.7,,,,33.7,65.0,1.2999999999999972,,,1.3658536585365852,-0.36585365853658536,0.422680412371134,1.7321428571428572
24.6,15.0,9.6,18.639,15.0,40.5,0.35,,,0.52,,,,,63.1,21.2,geotechnical_data_7.xlsx,,28.4,0.4,0.69,,98.4,,,,21.2,77.2,1.5999999999999943,,,1.3958333333333333,-0.39583333333333304,0.39024390243902435,1.6400000000000001
22.6,13.9,8.7,18.8352,16.0,37.2,0.3,,,0.45,,,,,59.7,18.5,geotechnical_data_7.xlsx,21.0,25.1,0.38,0.54,,99.2,,,,18.5,80.7,0.7999999999999972,,,1.2873563218390807,-0.2873563218390805,0.3849557522123893,1.6258992805755397
39.2,22.6,16.6,16.4808,4.0,78.0,0.56,,,0.87,,,,,84.7,55.6,geotechnical_data_7.xlsx,,47.7,0.74,0.92,,100.0,,,,55.6,44.4,0.0,,,1.5120481927710843,-0.5120481927710843,0.42346938775510207,1.7345132743362832
40.1,22.1,18.0,16.677,4.0,85.0,0.5,,,0.82,,,,,80.4,47.8,geotechnical_data_7.xlsx,,48.7,0.77,1.1,,100.0,,,,47.8,52.2,0.0,,,1.4777777777777779,-0.47777777777777786,0.44887780548628425,1.8144796380090498
33.9,22.1,11.8,18.050400000000003,11.0,54.6,0.48,,,0.67,,,,,71.8,35.0,geotechnical_data_7.xlsx,,38.0,0.53,0.77,,99.5,,,,35.0,64.5,0.5,,,1.3474576271186438,-0.34745762711864414,0.3480825958702065,1.5339366515837103
33.1,20.9,12.2,18.2466,12.0,56.8,0.46,,,0.63,,,,,70.6,34.8,geotechnical_data_7.xlsx,17.0,37.4,0.48,0.71,,99.2,,,,34.8,64.4,0.7999999999999972,,,1.3524590163934427,-0.3524590163934424,0.3685800604229607,1.583732057416268
30.1,17.5,12.6,18.4428,14.0,61.4,0.4,,,0.58,,,,,68.1,33.4,geotechnical_data_7.xlsx,,34.8,0.46,0.73,,98.7,,,,33.4,65.30000000000001,1.2999999999999972,,,1.3730158730158728,-0.3730158730158727,0.41860465116279066,1.72
25.0,15.0,10.0,18.5409,15.0,40.5,0.37,,,0.55,,,,,65.4,24.0,geotechnical_data_7.xlsx,,31.4,0.43,0.68,,98.5,,,,24.0,74.5,1.5,,,1.64,-0.6399999999999999,0.4,1.6666666666666667
23.6,14.7,8.9,18.7371,17.0,38.4,0.34,,,0.48,,,,,61.2,16.4,geotechnical_data_7.xlsx,,26.1,0.39,0.57,,99.4,,,,16.4,83.0,0.5999999999999943,,,1.2808988764044946,-0.28089887640449435,0.3771186440677966,1.6054421768707485
40.1,23.3,16.8,16.2846,4.0,76.0,0.58,,,0.88,,,,,86.4,57.6,geotechnical_data_7.xlsx,,48.0,0.76,0.95,,100.0,,,,57.6,42.4,0.0,,,1.4702380952380951,-0.4702380952380951,0.41895261845386533,1.7210300429184548
38.9,21.6,17.3,16.5789,,,0.54,,,0.8,,,,,82.6,52.8,geotechnical_data_7.xlsx,22.0,48.5,0.72,1.07,,100.0,,,,52.8,47.2,0.0,,,1.5549132947976878,-0.5549132947976879,0.44473007712082263,1.8009259259259258
41.2,23.3,17.9,16.677,4.0,82.6,0.49,,,0.82,,,,,81.7,50.1,geotechnical_data_7.xlsx,,48.7,0.75,1.11,,100.0,,,,50.1,49.9,0.0,,,1.4189944134078214,-0.4189944134078213,0.43446601941747565,1.7682403433476395
32.8,21.4,11.4,18.148500000000002,10.0,54.6,0.45,,,0.69,,,,,72.8,34.8,geotechnical_data_7.xlsx,,37.6,0.51,0.81,,99.6,,,,34.8,64.8,0.4000000000000057,,,1.4210526315789476,-0.42105263157894773,0.34756097560975613,1.5327102803738317
32.1,20.1,12.0,18.344700000000003,12.0,57.8,0.43,,,0.62,,,,,70.4,33.5,geotechnical_data_7.xlsx,20.0,37.0,0.49,0.78,,99.3,,,,33.5,65.8,0.7000000000000028,,,1.4083333333333332,-0.4083333333333332,0.37383177570093457,1.5970149253731343
30.1,17.7,12.4,18.5409,14.0,60.6,0.39,,,0.59,,,,,69.5,32.4,geotechnical_data_7.xlsx,,35.6,0.47,0.71,,98.8,,,,32.4,66.4,1.2000000000000028,,,1.4435483870967742,-0.4435483870967742,0.4119601328903654,1.7005649717514126
26.6,17.0,9.6,18.639,15.0,45.2,0.36,,,0.54,,,,,65.1,31.4,geotechnical_data_7.xlsx,,32.4,0.42,0.69,,98.5,,,,31.4,67.1,1.5,,,1.6041666666666665,-0.6041666666666664,0.3609022556390977,1.5647058823529412
24.6,15.4,9.2,18.7371,16.0,41.7,0.31,,,0.47,,,,,62.4,29.6,geotechnical_data_7.xlsx,27.0,30.1,0.38,0.61,,98.3,,,,29.6,68.69999999999999,1.7000000000000028,,,1.597826086956522,-0.5978260869565218,0.3739837398373983,1.5974025974025974
41.2,24.6,16.6,16.1865,4.0,71.0,0.59,,,0.84,,,,,78.1,48.4,geotechnical_data_7.xlsx,23.0,46.5,0.72,1.07,,100.0,,,,48.4,51.6,0.0,,,1.3192771084337347,-0.31927710843373475,0.4029126213592233,1.6747967479674797
38.2,21.2,17.0,16.4808,4.0,73.0,0.62,,,0.89,,,,,80.6,51.4,geotechnical_data_7.xlsx,,45.7,0.78,1.15,,99.9,,,,51.4,48.50000000000001,0.09999999999999432,,,1.4411764705882355,-0.4411764705882353,0.4450261780104712,1.8018867924528303
32.7,21.3,11.4,18.148500000000002,10.0,55.5,0.45,,,0.69,,,,,72.8,34.8,geotechnical_data_7.xlsx,,37.6,0.51,0.82,,99.6,,,,34.8,64.8,0.4000000000000057,,,1.4298245614035088,-0.4298245614035086,0.34862385321100914,1.535211267605634
32.2,20.4,11.8,18.344700000000003,12.0,57.7,0.43,,,0.62,,,,,70.4,33.6,geotechnical_data_7.xlsx,20.0,37.5,0.49,0.78,,99.3,,,,33.6,65.69999999999999,0.7000000000000028,,,1.4491525423728815,-0.4491525423728811,0.3664596273291925,1.5784313725490198
30.3,18.1,12.2,18.5409,14.0,60.4,0.39,,,0.59,,,,,69.5,32.7,geotechnical_data_7.xlsx,20.0,35.4,0.47,0.72,,98.8,,,,32.7,66.1,1.2000000000000028,,,1.4180327868852458,-0.41803278688524576,0.40264026402640263,1.6740331491712706
26.6,17.0,9.6,18.639,15.0,45.2,0.36,,,0.54,,,,,65.1,31.4,geotechnical_data_7.xlsx,,32.3,0.42,0.69,,98.5,,,,31.4,67.1,1.5,,,1.5937499999999998,-0.5937499999999996,0.3609022556390977,1.5647058823529412
24.6,15.4,9.2,18.7371,16.0,41.7,0.31,,,0.47,,,,,62.4,29.6,geotechnical_data_7.xlsx,26.0,31.2,0.38,0.61,,98.3,,,,29.6,68.69999999999999,1.7000000000000028,,,1.7173913043478262,-0.7173913043478259,0.3739837398373983,1.5974025974025974
39.2,22.6,16.6,16.4808,4.0,78.4,0.56,,,0.87,,,,,84.7,55.6,geotechnical_data_7.xlsx,,47.7,0.74,0.92,,100.0,,,,55.6,44.4,0.0,,,1.5120481927710843,-0.5120481927710843,0.42346938775510207,1.7345132743362832
40.1,22.1,18.0,16.677,4.0,82.0,0.5,,,0.82,,,,,80.4,48.9,geotechnical_data_7.xlsx,,48.7,0.77,1.1,,100.0,,,,48.9,51.1,0.0,,,1.4777777777777779,-0.47777777777777786,0.44887780548628425,1.8144796380090498
34.6,23.1,11.5,18.050400000000003,11.0,52.6,0.47,,,0.65,,,,,70.5,34.7,geotechnical_data_7.xlsx,,38.4,0.51,0.8,,99.5,,,,34.7,64.8,0.5,,,1.3304347826086953,-0.3304347826086954,0.33236994219653176,1.4978354978354977
32.1,20.1,12.0,,12.0,54.8,0.45,,,0.61,,,,,67.6,34.6,geotechnical_data_7.xlsx,20.0,37.7,0.49,0.77,,99.3,,,,34.6,64.69999999999999,0.7000000000000028,,,1.4666666666666668,-0.4666666666666668,0.37383177570093457,1.5970149253731343
29.1,16.8,12.3,18.344700000000003,14.0,60.4,0.39,,,0.57,,,,,66.5,33.7,geotechnical_data_7.xlsx,20.0,36.2,0.47,0.72,,98.7,,,,33.7,65.0,1.2999999999999972,,,1.5772357723577237,-0.5772357723577236,0.422680412371134,1.7321428571428572
24.6,15.0,9.6,18.639,15.0,40.5,0.35,,,0.52,,,,,60.1,30.5,geotechnical_data_7.xlsx,,28.4,0.4,0.69,,98.6,,,,30.5,68.1,1.4000000000000057,,,1.3958333333333333,-0.39583333333333304,0.39024390243902435,1.6400000000000001
23.2,14.5,8.7,18.8352,16.0,37.2,0.3,,,0.45,,,,,55.6,28.9,geotechnical_data_7.xlsx,,26.1,0.38,0.54,,97.8,,,,28.9,68.9,2.200000000000003,,,1.3333333333333337,-0.3333333333333336,0.375,1.5999999999999999
32.7,21.3,11.4,18.148500000000002,10.0,55.5,0.45,,,0.69,,,,,72.8,34.8,geotechnical_data_7.xlsx,,37.4,0.51,0.82,,99.6,,,,34.8,64.8,0.4000000000000057,,,1.4122807017543857,-0.4122807017543856,0.34862385321100914,1.535211267605634
24.6,15.4,9.2,18.7371,16.0,41.7,0.31,,,0.47,,,,,62.4,29.6,geotechnical_data_7.xlsx,,30.1,0.38,0.61,,98.3,,,,29.6,68.69999999999999,1.7000000000000028,,,1.597826086956522,-0.5978260869565218,0.3739837398373983,1.5974025974025974
25.7,16.3,9.4,18.2466,15.0,29.5,0.25,,,0.4,,,,,61.5,29.1,geotechnical_data_7.xlsx,34.0,25.0,0.32,0.49,,98.2,,,,29.1,69.1,1.7999999999999972,,,0.9255319148936169,0.0744680851063829,0.36575875486381326,1.576687116564417
22.0,12.8,9.2,18.148500000000002,15.0,28.2,0.19,,,0.38,,,,,59.4,28.5,geotechnical_data_7.xlsx,,24.5,0.29,0.45,,98.6,,,,28.5,70.1,1.4000000000000057,,,1.2717391304347827,-0.27173913043478265,0.41818181818181815,1.71875
34.6,23.0,11.6,18.050400000000003,11.0,53.5,0.47,,,0.65,,,,,70.2,34.9,geotechnical_data_7.xlsx,,37.7,0.5,0.8,,99.4,,,,34.9,64.5,0.5999999999999943,,,1.2672413793103452,-0.267241379310345,0.3352601156069364,1.5043478260869565
33.0,21.0,12.0,,12.0,54.3,0.45,,,0.61,,,,,68.2,33.8,geotechnical_data_7.xlsx,20.0,37.5,0.49,0.72,,99.2,,,,33.8,65.4,0.7999999999999972,,,1.375,-0.375,0.36363636363636365,1.5714285714285714
29.1,16.9,12.2,18.344700000000003,14.0,60.4,0.39,,,0.57,,,,,64.5,33.5,geotechnical_data_7.xlsx,,33.3,0.47,0.77,,98.5,,,,33.5,65.0,1.5,,,1.3442622950819672,-0.3442622950819669,0.4192439862542955,1.7218934911242605
24.2,14.8,9.4,18.639,15.0,40.5,0.35,,,0.52,,,,,60.2,30.8,geotechnical_data_7.xlsx,,27.3,0.41,0.69,,98.6,,,,30.8,67.8,1.4000000000000057,,,1.3297872340425532,-0.32978723404255333,0.38842975206611574,1.635135135135135
23.1,14.3,8.8,18.8352,16.0,38.1,0.32,,,0.45,,,,,56.7,28.6,geotechnical_data_7.xlsx,23.0,25.1,0.39,0.56,,97.9,,,,28.6,69.30000000000001,2.0999999999999943,,,1.2272727272727273,-0.22727272727272727,0.380952380952381,1.6153846153846154
39.2,22.5,16.7,16.4808,4.0,78.0,0.56,,,0.87,,,,,84.7,55.3,geotechnical_data_7.xlsx,,47.8,0.74,0.92,,100.0,,,,55.3,44.7,0.0,,,1.5149700598802394,-0.5149700598802393,0.42602040816326525,1.7422222222222223
40.1,22.0,18.1,16.677,4.0,85.0,0.5,,,0.83,,,,,80.8,48.3,geotechnical_data_7.xlsx,,48.6,0.77,1.1,,100.0,,,,48.3,51.7,0.0,,,1.4696132596685083,-0.46961325966850825,0.45137157107231923,1.8227272727272728
35.1,20.9,14.2,14.0283,4.0,51.2,0.61,,,0.89,,,,,85.0,42.0,geotechnical_data_8.xlsx,,,0.72,1.25,,100.0,,,,42.0,58.0,0.0,,,,,0.4045584045584045,1.6794258373205744
34.7,20.1,14.6,14.1264,4.0,48.4,0.63,,,0.9,,,,,84.0,44.0,geotechnical_data_8.xlsx,,,0.73,1.24,,100.0,,,,44.0,56.0,0.0,,,,,0.42074927953890484,1.7263681592039801
33.8,18.7,15.1,14.5188,4.0,47.1,0.65,,,0.92,,,,,86.0,47.0,geotechnical_data_8.xlsx,,,0.75,1.23,,100.0,,,,47.0,53.0,0.0,,,,,0.4467455621301775,1.8074866310160427
20.1,8.7,11.4,18.5409,15.0,42.6,0.31,,,0.59,,,,,64.0,25.0,geotechnical_data_8.xlsx,,,0.42,0.73,,96.0,,,,25.0,71.0,4.0,,,,,0.5671641791044776,2.3103448275862073
21.2,10.1,11.1,18.2466,15.0,42.3,0.34,,,0.61,,,,,62.0,22.0,geotechnical_data_8.xlsx,,,0.46,0.76,,94.0,,,,22.0,72.0,6.0,,,,,0.5235849056603774,2.099009900990099
22.0,9.8,12.2,17.7561,12.0,33.8,0.32,,,0.54,,,,,76.0,31.0,geotechnical_data_8.xlsx,,,0.41,0.61,,100.0,,,,31.0,69.0,0.0,,,,,0.5545454545454546,2.2448979591836733
21.7,9.1,12.6,17.854200000000002,12.0,34.1,0.35,,,0.57,,,,,78.0,32.0,geotechnical_data_8.xlsx,,,0.44,0.77,,100.0,,,,32.0,68.0,0.0,,,,,0.5806451612903226,2.3846153846153846
22.9,9.9,13.0,17.9523,12.0,35.8,0.38,,,0.6,,,,,82.0,35.0,geotechnical_data_8.xlsx,,,0.49,0.82,,100.0,,,,35.0,65.0,0.0,,,,,0.5676855895196506,2.3131313131313127
18.1,8.3,9.8,18.8352,15.0,25.1,0.21,,,0.51,,,,,70.0,18.0,geotechnical_data_8.xlsx,,,0.39,0.61,,99.0,,,,18.0,81.0,1.0,,,,,0.5414364640883977,2.180722891566265
17.4,9.0,8.4,19.1295,15.0,25.6,0.24,,,0.56,,,,,65.0,21.0,geotechnical_data_8.xlsx,,,0.42,0.67,,100.0,,,,21.0,79.0,0.0,,,,,0.48275862068965525,1.9333333333333331
33.2,21.8,11.4,17.854200000000002,12.0,30.5,0.28,,,0.67,,,,,72.0,32.0,geotechnical_data_8.xlsx,,,0.46,0.84,,100.0,,,,32.0,68.0,0.0,,,,,0.3433734939759036,1.5229357798165137
29.5,17.5,12.0,18.148500000000002,12.0,32.7,0.34,,,0.7,,,,,69.0,34.0,geotechnical_data_8.xlsx,,,0.51,0.86,,100.0,,,,34.0,66.0,0.0,,,,,0.4067796610169492,1.6857142857142857
18.4,8.8,9.6,16.5789,12.0,34.8,0.34,,,0.73,,,,,62.0,25.0,geotechnical_data_8.xlsx,,,0.42,0.92,,98.2,,,,25.0,73.2,1.7999999999999972,,,,,0.5217391304347826,2.0909090909090904
18.6,8.4,10.2,16.775100000000002,12.0,35.6,0.38,,,0.8,,,,,64.0,23.0,geotechnical_data_8.xlsx,,,0.46,0.95,,99.0,,,,23.0,76.0,1.0,,,,,0.5483870967741935,2.2142857142857144
20.1,9.3,10.8,16.9713,12.0,36.4,0.42,,,0.84,,,,,65.0,30.0,geotechnical_data_8.xlsx,,,0.52,0.99,,100.0,,,,30.0,70.0,0.0,,,,,0.5373134328358209,2.161290322580645
34.5,23.1,11.4,13.9302,4.0,42.3,0.71,,,1.21,,,,,67.0,41.0,geotechnical_data_8.xlsx,,,0.82,1.76,,100.0,,,,41.0,59.0,0.0,,,,,0.3304347826086957,1.4935064935064934
36.2,22.4,13.8,14.2245,4.0,41.8,0.94,,,1.31,,,,,70.0,38.0,geotechnical_data_8.xlsx,,,1.25,2.0,,100.0,,,,38.0,62.0,0.0,,,,,0.38121546961325964,1.6160714285714288
17.4,9.0,8.4,16.677,12.0,31.6,0.38,,,0.75,,,,,60.0,24.0,geotechnical_data_8.xlsx,,,0.42,0.96,,98.1,,,,24.0,74.1,1.9000000000000057,,,,,0.48275862068965525,1.9333333333333331
15.1,5.9,9.2,17.0694,12.0,32.1,0.49,,,0.89,,,,,64.0,29.0,geotechnical_data_8.xlsx,,,0.57,1.0,,99.1,,,,29.0,70.1,0.9000000000000057,,,,,0.609271523178808,2.559322033898305
42.5,24.5,18.0,13.537799999999999,4.0,62.4,0.65,,,1.2,,,,,70.0,42.0,geotechnical_data_8.xlsx,,,0.78,1.46,,100.0,,,,42.0,58.0,0.0,,,,,0.4235294117647059,1.7346938775510203
43.4,24.2,19.2,13.6359,4.0,61.6,0.7,,,1.2,,,,,70.0,43.0,geotechnical_data_8.xlsx,,,0.82,1.56,,100.0,,,,43.0,57.0,0.0,,,,,0.44239631336405527,1.7933884297520661
45.6,21.2,24.4,13.8321,4.0,62.2,0.75,,,1.25,,,,,75.0,46.0,geotechnical_data_8.xlsx,,,0.88,1.69,,100.0,,,,46.0,54.0,0.0,,,,,0.5350877192982456,2.150943396226415
18.2,12.8,5.4,18.148500000000002,15.0,25.1,0.21,,,0.64,,,,,62.0,28.0,geotechnical_data_8.xlsx,,,0.42,0.75,,98.1,,,,28.0,70.1,1.9000000000000057,,,,,0.29670329670329676,1.4218749999999998
16.8,12.6,4.2,18.2466,15.0,24.9,0.35,,,0.72,,,,,65.0,31.0,geotechnical_data_8.xlsx,,,0.51,0.84,,97.6,,,,31.0,66.6,2.4000000000000057,,,,,0.25,1.3333333333333335
43.2,26.8,16.4,13.9302,4.0,38.4,0.65,,,0.84,,,,,72.0,42.0,geotechnical_data_8.xlsx,,,0.78,1.24,,100.0,,,,42.0,58.0,0.0,,,,,0.3796296296296296,1.6119402985074627
23.7,15.3,8.4,13.537799999999999,2.0,25.6,0.69,,,0.89,,,,,70.0,41.0,geotechnical_data_8.xlsx,,,0.79,1.36,,100.0,,,,41.0,59.0,0.0,,,,,0.35443037974683544,1.549019607843137
18.2,7.0,11.2,18.050400000000003,12.0,32.1,0.38,,,0.72,,,,,65.0,34.0,geotechnical_data_8.xlsx,,,0.52,0.86,,100.0,,,,34.0,66.0,0.0,,,,,0.6153846153846154,2.6
17.7,6.1,11.6,18.050400000000003,12.0,33.6,0.42,,,0.78,,,,,64.0,32.0,geotechnical_data_8.xlsx,,,0.62,0.88,,100.0,,,,32.0,68.0,0.0,,,,,0.655367231638418,2.901639344262295
16.2,3.7,12.5,18.2466,12.0,34.6,0.45,,,0.84,,,,,62.0,31.0,geotechnical_data_8.xlsx,,,0.67,0.92,,98.0,,,,31.0,67.0,2.0,,,,,0.7716049382716049,4.378378378378378
15.1,4.6,10.5,18.344700000000003,12.0,0.0,0.52,,,0.62,,,,,62.0,32.0,geotechnical_data_8.xlsx,,,0.45,0.84,,100.0,,,,32.0,68.0,0.0,,,,,0.695364238410596,3.2826086956521743
14.9,3.9,11.0,18.5409,15.0,0.0,0.4,,,0.78,,,,,64.0,30.0,geotechnical_data_8.xlsx,,,0.51,0.92,,98.0,,,,30.0,68.0,2.0,,,,,0.7382550335570469,3.8205128205128207
28.4,12.0,16.4,15.107400000000002,4.0,43.4,0.51,,,0.82,,,,,65.0,38.0,geotechnical_data_8.xlsx,,,0.64,1.25,,100.0,,,,38.0,62.0,0.0,,,,,0.5774647887323944,2.3666666666666667
26.5,9.5,17.0,14.715,4.0,45.9,0.62,,,0.96,,,,,71.0,42.0,geotechnical_data_8.xlsx,,,0.74,1.36,,100.0,,,,42.0,58.0,0.0,,,,,0.6415094339622641,2.789473684210526
22.6,10.2,12.4,17.854200000000002,10.0,36.4,0.35,,,0.66,,,,,66.0,30.0,geotechnical_data_8.xlsx,,,0.48,0.89,,100.0,,,,30.0,70.0,0.0,,,,,0.5486725663716814,2.215686274509804
26.5,14.4,12.1,17.9523,10.0,35.1,0.4,,,0.72,,,,,62.0,28.0,geotechnical_data_8.xlsx,,,0.54,0.84,,100.0,,,,28.0,72.0,0.0,,,,,0.45660377358490567,1.8402777777777777
30.1,16.3,13.8,15.107400000000002,4.0,40.1,0.42,,,0.84,,,,,76.0,42.0,geotechnical_data_8.xlsx,,,0.69,1.12,,100.0,,,,42.0,58.0,0.0,,,,,0.4584717607973422,1.8466257668711656
20.1,10.5,9.6,18.8352,10.0,24.0,0.39,,,0.64,,,,,62.0,33.0,geotechnical_data_8.xlsx,,,0.46,0.73,,100.0,,,,33.0,67.0,0.0,,,,,0.4776119402985074,1.9142857142857144
37.2,26.0,11.2,18.050400000000003,12.0,36.8,0.42,,,0.75,,,,,76.0,38.0,geotechnical_data_8.xlsx,,,0.62,0.89,,100.0,,,,38.0,62.0,0.0,,,,,0.30107526881720426,1.4307692307692308
31.1,18.5,12.6,18.2466,10.0,30.1,0.35,,,0.56,,,,,74.0,34.0,geotechnical_data_8.xlsx,,,0.47,0.67,,100.0,,,,34.0,66.0,0.0,,,,,0.405144694533762,1.6810810810810812
24.1,14.5,9.6,17.854200000000002,12.0,32.4,0.28,,,0.52,,,,,65.0,34.0,geotechnical_data_8.xlsx,,,0.39,0.71,,100.0,,,,34.0,66.0,0.0,,,,,0.3983402489626556,1.6620689655172414
22.1,12.9,9.2,17.9523,15.0,33.0,0.34,,,0.61,,,,,67.0,33.0,geotechnical_data_8.xlsx,,,0.48,0.8,,99.0,,,,33.0,66.0,1.0,,,,,0.41628959276018096,1.7131782945736436
32.8,18.2,14.6,14.5188,4.0,25.4,0.46,,,0.86,,,,,78.0,46.0,geotechnical_data_8.xlsx,,,0.67,1.18,,100.0,,,,46.0,54.0,0.0,,,,,0.4451219512195122,1.802197802197802
23.4,13.8,9.6,17.6,10.0,45.2,0.58,,,0.74,,,,,45.0,28.0,geotechnical_data_9.xlsx,,,0.68,0.84,,,75.0,,14.0,28.0,,,14.0,14.0,,,0.41025641025641024,1.6956521739130432
24.2,14.4,9.8,17.9,12.0,47.6,0.6,,,0.81,,,,,36.0,19.0,geotechnical_data_9.xlsx,,,0.72,0.89,,,60.0,,5.0,19.0,,,5.0,14.0,,,0.40495867768595045,1.6805555555555554
22.4,14.0,8.4,18.4,14.0,65.0,0.45,,,0.64,,,,,42.0,20.0,geotechnical_data_9.xlsx,23.0,,0.52,0.72,,,64.0,,8.0,20.0,,,8.0,12.0,,,0.37500000000000006,1.5999999999999999
22.6,14.0,8.6,18.2,16.0,72.0,0.49,,,0.71,,,,,35.0,15.0,geotechnical_data_9.xlsx,,,0.56,0.78,,,53.0,,5.0,15.0,,,5.0,10.0,,,0.3805309734513274,1.6142857142857143
25.2,14.8,10.4,16.4,8.0,52.5,0.62,,,0.87,,,,,67.0,45.0,geotechnical_data_9.xlsx,,,0.73,0.95,,,92.0,,16.0,45.0,,,16.0,29.0,,,0.41269841269841273,1.7027027027027026
25.5,14.7,10.8,16.8,8.0,54.3,0.67,,,0.92,,,,,52.0,32.0,geotechnical_data_9.xlsx,,,0.77,0.98,,,85.0,,7.0,32.0,,,7.0,25.0,,,0.42352941176470593,1.7346938775510206
28.3,16.8,11.5,15.4,6.0,61.4,0.78,,,0.96,,,,,75.0,40.0,geotechnical_data_9.xlsx,,,0.87,1.05,,,100.0,,18.0,40.0,,,18.0,22.0,,,0.40636042402826855,1.6845238095238095
38.4,26.0,12.4,,4.0,56.8,1.2,,,1.05,,,,,96.0,70.0,geotechnical_data_9.xlsx,,,1.48,1.24,,,100.0,,25.0,70.0,,,25.0,45.0,,,0.3229166666666667,1.4769230769230768
39.4,26.8,12.6,,6.0,62.8,1.25,,,1.1,,,,,94.0,65.0,geotechnical_data_9.xlsx,,,1.5,1.35,,,98.0,,15.0,65.0,,,15.0,50.0,,,0.3197969543147208,1.4701492537313432
28.4,17.8,10.6,18.3,15.0,36.0,0.87,,,0.97,,,,,42.0,30.0,geotechnical_data_9.xlsx,,,0.9,1.08,,,72.0,,10.0,30.0,,,10.0,20.0,,,0.3732394366197183,1.595505617977528
38.4,26.0,12.4,16.8,4.0,59.6,0.57,,,0.85,,,,,96.0,70.0,geotechnical_data_9.xlsx,,,0.78,1.05,,,100.0,,25.0,70.0,,,25.0,45.0,,,0.3229166666666667,1.4769230769230768
39.4,26.8,12.6,16.8,6.0,62.8,0.62,,,0.94,,,,,94.0,65.0,geotechnical_data_9.xlsx,,,0.83,1.1,,,98.0,,15.0,65.0,,,15.0,50.0,,,0.3197969543147208,1.4701492537313432
28.4,20.9,7.5,18.3,12.0,30.4,0.25,,,0.64,,,,,42.0,30.0,geotechnical_data_9.xlsx,10.0,,0.45,0.76,,,72.0,,10.0,30.0,,,10.0,20.0,,,0.26408450704225356,1.3588516746411483
18.4,11.1,7.3,18.5,15.0,30.8,0.32,,,0.71,,,,,38.0,25.0,geotechnical_data_9.xlsx,,,0.53,0.81,,,68.0,,8.0,25.0,,,8.0,17.0,,,0.39673913043478265,1.6576576576576576
15.2,10.9,4.3,19.4,17.0,0.0,0.51,,,0.29,,,,,78.4,28.4,geotechnical_data_9.xlsx,,,0.18,0.34,,99.5,,,,28.4,71.1,0.5,,,,,0.28289473684210525,1.3944954128440366
17.8,12.6,5.2,19.3,17.0,0.0,0.17,,,0.31,,,,,75.2,27.6,geotechnical_data_9.xlsx,,,0.28,0.39,,99.3,,,,27.6,71.69999999999999,0.7000000000000028,,,,,0.29213483146067415,1.4126984126984128
